-- phpMyAdmin SQL Dump
-- version 4.7.4
-- https://www.phpmyadmin.net/
--
-- Servidor: 127.0.0.1
-- Tiempo de generación: 01-01-2018 a las 23:28:32
-- Versión del servidor: 10.1.28-MariaDB
-- Versión de PHP: 5.6.32

SET SQL_MODE = "NO_AUTO_VALUE_ON_ZERO";
SET AUTOCOMMIT = 0;
START TRANSACTION;
SET time_zone = "+00:00";


/*!40101 SET @OLD_CHARACTER_SET_CLIENT=@@CHARACTER_SET_CLIENT */;
/*!40101 SET @OLD_CHARACTER_SET_RESULTS=@@CHARACTER_SET_RESULTS */;
/*!40101 SET @OLD_COLLATION_CONNECTION=@@COLLATION_CONNECTION */;
/*!40101 SET NAMES utf8mb4 */;

--
-- Base de datos: `sistema-ventas`
--

-- --------------------------------------------------------

--
-- Estructura de tabla para la tabla `clientes`
--

CREATE TABLE `clientes` (
  `id` int(11) NOT NULL,
  `nombre` text COLLATE utf8_spanish_ci NOT NULL,
  `direccion` text COLLATE utf8_spanish_ci NOT NULL,
  `celular` int(11) NOT NULL,
  `telefono_fijo` int(11) NOT NULL,
  `email` text COLLATE utf8_spanish_ci NOT NULL
) ENGINE=InnoDB DEFAULT CHARSET=utf8 COLLATE=utf8_spanish_ci;

-- --------------------------------------------------------

--
-- Estructura de tabla para la tabla `cliente_productos`
--

CREATE TABLE `cliente_productos` (
  `id` int(11) NOT NULL,
  `cliente_id` int(11) NOT NULL,
  `producto_id` int(11) NOT NULL,
  `precio` int(11) NOT NULL
) ENGINE=InnoDB DEFAULT CHARSET=utf8 COLLATE=utf8_spanish_ci;

-- --------------------------------------------------------

--
-- Estructura de tabla para la tabla `constantes`
--

CREATE TABLE `constantes` (
  `id` int(11) NOT NULL,
  `nombre` text COLLATE utf8_spanish_ci NOT NULL
) ENGINE=InnoDB DEFAULT CHARSET=utf8 COLLATE=utf8_spanish_ci;

--
-- Volcado de datos para la tabla `constantes`
--

INSERT INTO `constantes` (`id`, `nombre`) VALUES
(1, 'HOMBRE'),
(2, 'MUJER'),
(3, 'NIÑO'),
(4, 'NIÑA'),
(5, 'UNISEX');

-- --------------------------------------------------------

--
-- Estructura de tabla para la tabla `cuotas`
--

CREATE TABLE `cuotas` (
  `id` int(11) NOT NULL,
  `cantidad` int(11) NOT NULL,
  `cliente_productos_id` int(11) NOT NULL
) ENGINE=InnoDB DEFAULT CHARSET=utf8 COLLATE=utf8_spanish_ci;

-- --------------------------------------------------------

--
-- Estructura de tabla para la tabla `cuota_fechas`
--

CREATE TABLE `cuota_fechas` (
  `id` int(11) NOT NULL,
  `cuota_id` int(11) NOT NULL,
  `fecha` date NOT NULL
) ENGINE=InnoDB DEFAULT CHARSET=utf8 COLLATE=utf8_spanish_ci;

-- --------------------------------------------------------

--
-- Estructura de tabla para la tabla `marcas`
--

CREATE TABLE `marcas` (
  `id` int(11) NOT NULL,
  `nombre` text COLLATE utf8_spanish_ci NOT NULL
) ENGINE=InnoDB DEFAULT CHARSET=utf8 COLLATE=utf8_spanish_ci;

--
-- Volcado de datos para la tabla `marcas`
--

INSERT INTO `marcas` (`id`, `nombre`) VALUES
(1, 'ANTONIO BANDERAS'),
(2, 'ABERCROMBIE'),
(3, 'AGATHA RUIZ'),
(4, 'ANTONIO PUIG'),
(5, 'ANIMALE'),
(6, 'ARAMIS'),
(7, 'AZZARO'),
(8, 'BEYONCE'),
(9, 'BEBE'),
(10, 'BRITNEY SPEARS'),
(11, 'BOND'),
(12, 'BENETTON'),
(13, 'BOUCHERON'),
(14, 'BURBERRY'),
(15, 'BVLGARI'),
(16, 'CAROLINA HERRERA'),
(17, 'CRISTIANO RONALDO'),
(18, 'COACH'),
(19, 'CHLOE'),
(20, 'CACHAREL'),
(21, 'GRESS'),
(22, 'CALVIN KLEIN'),
(23, 'CARTIER'),
(24, 'COUTURE'),
(25, 'CRISTION DIOR'),
(26, 'CANDY CRUSH'),
(27, 'CUBA'),
(28, 'CLINIQUE'),
(29, 'DOLCE & GABBANA'),
(30, 'DADDY YANKEE'),
(31, 'DAVIDOFF'),
(32, 'DISNEY'),
(33, 'DIESEL'),
(34, 'DONNA KARAN'),
(35, 'DUNHILL'),
(36, 'ELIZABETH ARDEN'),
(37, 'ERMENEGILDO ZEGNA'),
(38, 'EMANUEL UNGARO'),
(39, 'ESCADA'),
(40, 'ESTEE LAUDER'),
(41, 'FERRARI'),
(42, 'GIORGIO ARMANI'),
(43, 'G. BEVERLY HILLS'),
(44, 'GIVENCHY'),
(45, 'GUESS'),
(46, 'GUERLAIN'),
(47, 'GUCCI'),
(48, 'GUY LAROCHE'),
(49, 'GLORIA VANDERBILT'),
(50, 'HERMES'),
(51, 'HOLLYSTER'),
(52, 'HALSTON'),
(53, 'HUGO BOSS'),
(54, 'ISSEY MIYAKE'),
(55, 'JESSICA SIMPSON'),
(56, 'JESUS DEL POZO'),
(57, 'JIMMY CHOO'),
(58, 'JENNIFER LOPEZ'),
(59, 'JEAN PAUL GAULTIER'),
(60, 'JEANNE ARTHES'),
(61, 'JOOP'),
(62, 'JOVAN MUSK'),
(63, 'JUSTIN BIEBER'),
(64, 'KATY PERRY'),
(65, 'KARL LAGERFIELD'),
(66, 'KENZO'),
(67, 'LIZ CLAIBORNE'),
(68, 'LOLITA LEMPICKA'),
(69, 'LACOSTE'),
(70, 'LANVIN'),
(71, 'LAPIDUS'),
(72, 'LANCOME'),
(73, 'MOLINEAUX'),
(74, 'MICHAEL KORS'),
(75, 'MISCELANEO'),
(76, 'MARC JACOBS'),
(77, 'MONT BLANC'),
(78, 'MOSCHINO'),
(79, 'NAUTICA'),
(80, 'NICKY MINAJ'),
(81, 'NINA RICCI'),
(82, 'ONE DIRECTION'),
(83, 'OSCAR DE LA RENTA'),
(84, 'PUMA'),
(85, 'PALOMA PICASSO'),
(86, 'PACO RABANNE'),
(87, 'PINO SILVESTRE'),
(88, 'PARIS HILTON'),
(89, 'RALPH LAUREN'),
(90, 'REVLON'),
(91, 'REALM'),
(92, 'RIHANNA'),
(93, 'ROCHAS'),
(94, 'SANDORA'),
(95, 'S. FERRAGAMO'),
(96, 'SALVADOR DALI'),
(97, 'SEX CITY'),
(98, 'SHAKIRA'),
(99, 'SWISS ARMY'),
(100, 'TERRY MUGLER'),
(101, 'TOUS'),
(102, 'TOMMY'),
(103, 'VELENTINO'),
(104, 'VICTORIA SECRET'),
(105, 'VIKTOR & ROLF'),
(106, 'VAN CLEEF'),
(107, 'VERSACE'),
(108, 'YVES SAINT LAURENT'),
(109, 'ZIPPO');

-- --------------------------------------------------------

--
-- Estructura de tabla para la tabla `migrations`
--

CREATE TABLE `migrations` (
  `id` int(10) UNSIGNED NOT NULL,
  `migration` varchar(255) COLLATE utf8mb4_unicode_ci NOT NULL,
  `batch` int(11) NOT NULL
) ENGINE=InnoDB DEFAULT CHARSET=utf8mb4 COLLATE=utf8mb4_unicode_ci;

-- --------------------------------------------------------

--
-- Estructura de tabla para la tabla `productos`
--

CREATE TABLE `productos` (
  `id` int(11) NOT NULL,
  `nombre` text COLLATE utf8_spanish_ci NOT NULL,
  `precio_compra` bigint(20) NOT NULL,
  `precio_venta` int(11) NOT NULL,
  `sexo_id` int(11) NOT NULL,
  `marca_id` int(11) NOT NULL
) ENGINE=InnoDB DEFAULT CHARSET=utf8 COLLATE=utf8_spanish_ci;

--
-- Volcado de datos para la tabla `productos`
--

INSERT INTO `productos` (`id`, `nombre`, `precio_compra`, `precio_venta`, `sexo_id`, `marca_id`) VALUES
(1, 'BLUE SEDUCTION DAMA 100 ML ', 14900, 29900, 2, 1),
(2, 'BLUE SEDUCTION DAMA 100 ML ESTUCHE', 16900, 31900, 2, 1),
(3, 'BLUE SEDUCTION DAMA 200 ML ', 19900, 34900, 2, 1),
(4, 'BLUE SEDUCTION DAMA 100 ML TESTER', 11900, 26900, 2, 1),
(5, 'BLACK SEDUCTION VARON 100 ML', 14900, 29900, 1, 1),
(6, 'BLACK SEDUCTION VARON 200 ML', 19900, 34900, 1, 1),
(7, 'BLUE SEDUCTION VARON 100  ML ', 14900, 29900, 1, 1),
(8, 'BLUE SEDUCTION VARON 200  ML ', 19900, 34900, 1, 1),
(9, 'BLUE SEDUCTION VARON 100  ML TESTER', 11900, 26900, 1, 1),
(10, 'BLUE SEDUCTION  SPLASH 100 ML ESTUCHE', 16900, 31900, 1, 1),
(11, 'KING SEDUCTION 100 ML NEW', 14900, 29900, 1, 1),
(12, 'KING SEDUCTION 200 ML NEW', 19900, 34900, 1, 1),
(13, 'SECRET VARON 100 ML', 14900, 29900, 1, 1),
(14, 'SECRET VARON 200 ML', 19900, 34900, 1, 1),
(15, 'SECRET VARON 100 ML TESTER', 11900, 26900, 1, 1),
(16, 'SECRET DAMA 80 ML', 14900, 29900, 2, 1),
(17, 'GOLDEN SECRET DAMA 80 ML', 14900, 29900, 2, 1),
(18, 'GOLDEN SECRET DAMA 80 ML TESTER', 11900, 26900, 2, 1),
(19, 'GOLDEN SECRET VARON 200 ML', 19900, 34900, 1, 1),
(20, 'DIAVOLO VARON 100 ML', 11900, 26900, 1, 1),
(21, 'DIAVOLO VARON 100 ML TESTER', 8900, 23900, 1, 1),
(22, 'MEDITERRANEO VARON 100 ML', 11900, 26900, 1, 1),
(23, 'MEDITERRANEO VARON 200 ML', 17900, 32900, 1, 1),
(24, 'ABERCROMBIE FITCH VARON 100 ML NEW', 28900, 43900, 1, 2),
(25, 'BESO 100 ML TESTER', 9900, 24900, 2, 3),
(26, 'FLOR 100 ML TESTER', 9900, 24900, 2, 3),
(27, 'LOVE FOREVER 80 ML  ', 12900, 27900, 2, 3),
(28, 'LOVE LOVE 80 ML TESTER', 9900, 24900, 2, 3),
(29, 'GOTAS DE COLOR 100 ML TESTER', 10900, 25900, 2, 3),
(30, 'QUORUM 100 ML  ', 8900, 23900, 1, 4),
(31, 'QUORUM 100 ML TESTER', 6900, 21900, 1, 4),
(32, 'AQUA QUORUM 100 ML ', 8900, 23900, 1, 4),
(33, 'AQUA QUORUM 100 ML TESTER ', 6900, 21900, 1, 4),
(34, 'QUORUM SILVER 100 ML', 8900, 23900, 1, 4),
(35, 'QUORUM SILVER 100 ML TESTER', 6900, 21900, 1, 4),
(36, 'AGUA BRAVA CON SPRAY 100 ML ', 10900, 25900, 1, 4),
(37, 'AGUA BRAVA 100 ML TESTER', 8900, 23900, 1, 4),
(38, 'AGUA BRAVA 200 ML', 13900, 28900, 1, 4),
(39, 'AGUA BRAVA 350 ML', 17900, 32900, 1, 4),
(40, 'AGUA BRAVA 500 ML', 21900, 36900, 1, 4),
(41, 'AGUA BRAVA AZUL CON SPRAY 100 ML', 12900, 27900, 1, 4),
(42, 'ANIMALE VARON 100 ML', 18900, 33900, 1, 5),
(43, 'ANIMALE TEMPTATION DAMA 100 ML ', 18900, 33900, 2, 5),
(44, 'ANIMALE LOVE EDP DAMA 100 ML ', 18900, 33900, 2, 5),
(45, 'ANIMALE INTENSE EDP DAMA 100 ML ', 18900, 33900, 2, 5),
(46, 'ARAMIS EDT 110 ML ', 22900, 37900, 1, 6),
(47, 'AZZARO 200 ML', 29900, 44900, 1, 7),
(48, 'AZZARO EDITION LIMITED 100 ML', 20900, 35900, 1, 7),
(49, 'AZZARO 100 ML TESTER', 16900, 31900, 1, 7),
(50, 'AZZARO 100 ML ESTUCHE', 24900, 39900, 1, 7),
(51, 'AZZARO SUMMER 100 ML TESTER', 15900, 30900, 1, 7),
(52, 'AZZARO ONIX 100 ML', 16900, 31900, 1, 7),
(53, 'CHROME 100 ML  ', 21900, 36900, 1, 7),
(54, 'CHROME 200 ML', 29900, 44900, 1, 7),
(55, 'CHROME 100 ML TESTER', 16900, 31900, 1, 7),
(56, 'CHROME UNITED 100 ML ESTUCHE', 24900, 39900, 1, 7),
(57, 'CHROME SPORT 100 ML', 16900, 31900, 1, 7),
(58, 'CHROME LEGEND 125 ML', 21900, 36900, 1, 7),
(59, 'AZZARO NIGHT TIME 100 ML ', 17900, 32900, 1, 7),
(60, 'AZZARO VISIT VARON 100 ML ', 18900, 33900, 1, 7),
(61, 'AZZARO NOW VARON 80 ML', 14900, 29900, 1, 7),
(62, 'BEYONCE HEAT 100 ML', 14900, 29900, 2, 8),
(63, 'BEYONCE HEAT RUSH 100 ML', 14900, 29900, 2, 8),
(64, 'BEYONCE PULSE 100 ML', 14900, 29900, 2, 8),
(65, 'BEYONCE HEAT MIDNIGHT 100 ML', 14900, 29900, 2, 8),
(66, 'BEBE DAMA EDP 100 ML', 12900, 27900, 2, 9),
(67, 'FANTASY MIDNIGHT 100 ML ', 21900, 36900, 2, 10),
(68, 'FANTASY 100 ML ', 23900, 38900, 2, 10),
(69, 'FANTASY NAUGHTY REMIX 100 ML ', 21900, 36900, 2, 10),
(70, 'FANTASY ANIVERSARY 100 ML ', 21900, 36900, 2, 10),
(71, 'FANTASY ROCKER FEMME EDP 100 ML NEW', 23900, 38900, 2, 10),
(72, 'FANTASY STAGE EDITION LTDA EDP 100 ML NEW', 23900, 38900, 2, 10),
(73, 'FANTASY NICE 100 ML', 18900, 33900, 2, 10),
(74, 'BELIEVE 100 ML', 21900, 36900, 2, 10),
(75, 'FANTASY ISLAND 100 ML', 16900, 31900, 2, 10),
(76, 'FANTASY HIDDEN 100 ML', 16900, 31900, 2, 10),
(77, 'RADIANCE 100 ML', 19900, 34900, 2, 10),
(78, 'CURIOUS 100 ML ', 16900, 31900, 2, 10),
(79, 'CURIOUS 100 ML TESTER', 13900, 28900, 2, 10),
(80, 'CURIOUS IN CONTROL 100 ML', 16900, 31900, 2, 10),
(81, 'JAMES BOND 007 75 ML TESTER', 8900, 23900, 1, 11),
(82, 'OCEAN ROYALE 75 ML TESTER', 8900, 23900, 1, 11),
(83, 'QUANTUM 75 ML TESTER', 8900, 23900, 1, 11),
(84, 'HOT GOLD DAMA 100 ML ', 8900, 23900, 2, 12),
(85, 'COLORS DAMA 100 ML', 8900, 23900, 2, 12),
(86, 'BENETTON ROSSO DAMA 100 ML', 8900, 23900, 2, 12),
(87, 'FUNTASTIC GIRL 100 ML TESTER', 8900, 23900, 2, 12),
(88, 'BOUCHERON EDT VARON 100 ML', 24900, 39900, 1, 13),
(89, 'PLACE VANDOME 100 ML ', 29900, 44900, 2, 13),
(90, 'BURBERRY EDP DAMA 100 ML', 25900, 40900, 2, 14),
(91, 'BURBERRY EDP DAMA 100 ML TESTER', 22900, 37900, 2, 14),
(92, 'BURBERRY EDT VARON 100 ML ', 24900, 39900, 1, 14),
(93, 'WEEKEND DAMA 100 ML ', 25900, 40900, 2, 14),
(94, 'WEEKEND DAMA 100 ML TESTER', 22900, 37900, 2, 14),
(95, 'WEEKEND VARON 100 ML', 24900, 39900, 1, 14),
(96, 'MR BURBERRY VARON 150 ML NEW', 39900, 54900, 1, 14),
(97, 'BURBERRY LONDON DAMA (TELA) 100 ML', 25900, 40900, 2, 14),
(98, 'BURBERRY LONDON VARON (TELA) 100 ML', 24900, 39900, 1, 14),
(99, 'BURBERRY TOUCH DAMA 100 ML', 25900, 40900, 2, 14),
(100, 'BURBERRY TOUCH VARON 100 ML', 24900, 39900, 1, 14),
(101, 'BURBERRY THE BEAT DAMA 75 ML', 25900, 40900, 2, 14),
(102, 'BURBERRY BRIT DAMA 100 ML', 25900, 40900, 2, 14),
(103, 'BURBERRY BRIT DAMA 100 ML TESTER', 20900, 35900, 2, 14),
(104, 'BURBERRY BRIT VARON 100 ML', 24900, 39900, 1, 14),
(105, 'BURBERRY BRIT SHEER DAMA 100 ML', 25900, 40900, 2, 14),
(106, 'BURBERRY BRIT SHEER DAMA 100 ML TESTER', 21900, 36900, 2, 14),
(107, 'BURBERRY BRIT RYTHM DAMA 90 ML ', 25900, 40900, 2, 14),
(108, 'BURBERRY BRIT RYTHM INTENSE VARON 90 ML ', 25900, 40900, 2, 14),
(109, 'BURBERRY BRIT RYTHM SPLASH VARON 100 ML ', 24900, 39900, 1, 14),
(110, 'BURBERRY BODY DAMA 85 ML ', 26900, 41900, 2, 14),
(111, 'BURBERRY BODY TENDER 85 ML TESTER', 25900, 40900, 2, 14),
(112, 'BURBERRY SPORT DAMA 75 ML ', 25900, 40900, 2, 14),
(113, 'BVL FEMME EDP 100 ML', 37900, 52900, 2, 15),
(114, 'BVL JASMIN NOIR EDP 100 ML ', 37900, 52900, 2, 15),
(115, 'BVL ROSE ESSENTIAL EDP 100 ML ', 37900, 52900, 2, 15),
(116, 'BVL OMNIA CRYSTALINE 65 ML ', 29900, 44900, 2, 15),
(117, 'BVL OMNIA AMATHYSTA 65 ML ', 29900, 44900, 2, 15),
(118, 'BVL OMNIA AMATHYSTA 65 ML TESTER', 24900, 39900, 2, 15),
(119, 'BVL BLUE II DAMA 75 ML', 29900, 44900, 2, 15),
(120, 'BVL OMNIA INDIAN GARNET 65 ML TESTER', 25900, 40900, 2, 15),
(121, 'BVL OMNIA AQUA DIVINA 65 ML NEW', 34900, 49900, 2, 15),
(122, 'BVL OMNIA PARAIBA 65 ML NEW', 34900, 49900, 2, 15),
(123, 'BVL MAN EDT 100 ML ', 29900, 44900, 1, 15),
(124, 'BVL MAN EDT 150 ML ', 35900, 50900, 1, 15),
(125, 'BVL MAN IN BLACK EXTREME EDP 100 ML ', 35900, 50900, 1, 15),
(126, 'BVL MAN IN BLACK INTENSE EDP 100 ML ', 35900, 50900, 1, 15),
(127, 'BVL BLUE VARON 100 ML', 29900, 44900, 1, 15),
(128, 'BVL POUR HOMME 100 ML ', 29900, 44900, 1, 15),
(129, 'BVL SOIR POUR HOMME 100 ML ', 29900, 44900, 1, 15),
(130, 'BVL PETITS & MAMANS 100 ML TESTER ', 18900, 33900, 3, 15),
(131, 'BVL PETITS & MAMANS 100 ML SPRAY TESTER', 18900, 33900, 2, 15),
(132, 'BVL AQUA VARON 100 ML ', 29900, 44900, 1, 15),
(133, 'BVL AQUA VARON 100 ML TESTER', 24900, 39900, 1, 15),
(134, 'BVL AQUA MARINE VARON 100 ML', 29900, 44900, 1, 15),
(135, 'BVL AQUA AMARA VARON 100 ML TESTER', 22900, 37900, 1, 15),
(136, '212 DAMA 100 ML ', 42900, 57900, 2, 16),
(137, '212 DAMA 100 ML ESTUCHE', 46900, 61900, 2, 16),
(138, '212 SEXY DAMA 100 ML', 42900, 57900, 2, 16),
(139, '212 SEXY DAMA 100 ML TESTER', 36900, 51900, 2, 16),
(140, '212 MEN 100 ML ', 42900, 57900, 1, 16),
(141, '212 MEN 50 ML ', 29900, 44900, 1, 16),
(142, '212 SEXY MEN 100 ML ', 41900, 56900, 1, 16),
(143, '212 SUMMER VARON 100 ML', 31900, 46900, 1, 16),
(144, '212 VIP DAMA EDP 30 ML', 21900, 36900, 2, 16),
(145, '212 VIP ROSE DAMA EDP 80 ML ', 51900, 66900, 2, 16),
(146, '212 VIP WILD PARTY DAMA EDT 80 ML NEW', 43900, 58900, 2, 16),
(147, '212 VIP VARON EDT 100 ML  ', 43900, 58900, 1, 16),
(148, '212 VIP WILD PARTY VARON EDT 100 ML NEW', 43900, 58900, 1, 16),
(149, '212 VIP SUMMER VARON EDT 100 ML NEW', 43900, 58900, 1, 16),
(150, 'CAROLINA HERRERA DAMA EDT 100 ML  ', 39900, 54900, 2, 16),
(151, 'CAROLINA HERRERA DAMA EDT 100 ML TESTER', 35900, 50900, 2, 16),
(152, 'CAROLINA HERRERA DAMA EDP 100 ML ', 45900, 60900, 2, 16),
(153, 'CAROLINA HERRERA DAMA EDP 100 ML TESTER', 39900, 54900, 2, 16),
(154, 'CAROLINA HERRERA VARON 50 ML   ', 31900, 46900, 1, 16),
(155, 'CAROLINA HERRERA VARON 100 ML   ', 39900, 54900, 1, 16),
(156, 'CAROLINA HERRERA VARON 200 ML   ', 51900, 66900, 1, 16),
(157, 'CAROLINA HERRERA VARON 100 ML TESTER', 35900, 50900, 1, 16),
(158, 'CHIC DAMA 80 ML  (DESCONTINUADO)', 49900, 64900, 2, 16),
(159, 'CHIC DAMA 80 ML TESTER  (DESCONTINUADO)', 44900, 59900, 2, 16),
(160, 'CHIC VARON 100 ML ', 34900, 49900, 1, 16),
(161, 'CHIC VARON 100 ML TESTER', 30900, 45900, 1, 16),
(162, 'CH VARON 100 ML', 44900, 59900, 1, 16),
(163, 'CH VARON 100 ML ESTUCHE', 48900, 63900, 1, 16),
(164, 'CH SPORT VARON 100 ML', 32900, 47900, 1, 16),
(165, 'CH PRIVE VARON 100 ML NEW', 48900, 63900, 1, 16),
(166, 'CH DAMA 100 ML', 49900, 64900, 2, 16),
(167, 'CH LEGRAND TOUR DAMA 100 ML NEW', 53900, 68900, 2, 16),
(168, 'CH SUBLIME DAMA 80 ML ', 44900, 59900, 2, 16),
(169, 'CH SUBLIME DAMA 50 ML ', 37900, 52900, 2, 16),
(170, 'CH SUBLIME DAMA 80 ML TESTER', 39900, 54900, 2, 16),
(171, 'CH SUBLIME DAMA 80 ML ESTUCHE', 47900, 62900, 2, 16),
(172, 'LEGACY BY CRISTIANO RONALDO EDT 100 ML', 36900, 51900, 1, 17),
(173, 'COACH EDP DAMA 100 ML NEW', 39900, 54900, 2, 18),
(174, 'CHLOE 90 ML TESTER', 18900, 33900, 2, 19),
(175, 'NARCISSE 100 ML ', 22900, 37900, 2, 19),
(176, 'NARCISSE 100 ML ESTUCHE', 25900, 40900, 2, 19),
(177, 'AMOR AMOR 100 ML+ 30 ML ESTUCHE', 36900, 51900, 2, 20),
(178, 'AMOR AMOR FORBIDDEN KISS 100 ML', 35900, 50900, 2, 20),
(179, 'ANAIS ANAIS 100 ML TESTER', 26900, 41900, 2, 20),
(180, 'NOA DAMA 100 ML', 34900, 49900, 2, 20),
(181, 'CATCH ME EDP 50 ML ', 29900, 44900, 2, 20),
(182, 'EDEN EDP 50 ML ', 29900, 44900, 2, 20),
(183, 'LOU LOU EDP 50 ML', 29900, 44900, 2, 20),
(184, 'LOU LOU EDP 30 ML', 24900, 39900, 2, 20),
(185, 'CABOTINE DAMA EDT 100 ML ', 10900, 25900, 2, 21),
(186, 'CK ONE 100 ML ', 16900, 31900, 5, 22),
(187, 'CK ONE 200 ML ', 21900, 36900, 5, 22),
(188, 'CK ONE 200 ML TESTER', 17900, 32900, 5, 22),
(189, 'CK BE 100 ML ', 16900, 31900, 5, 22),
(190, 'CK BE 200 ML ', 21900, 36900, 5, 22),
(191, 'CK BE 200 ML TESTER', 17900, 32900, 5, 22),
(192, 'CK SHOCK DAMA 100 ML ', 16900, 31900, 2, 22),
(193, 'CK SHOCK DAMA 200 ML', 21900, 36900, 2, 22),
(194, 'CK SHOCK VARON 100 ML ', 16900, 31900, 1, 22),
(195, 'CK SHOCK VARON 200 ML ', 21900, 36900, 1, 22),
(196, 'CK IN 2 U DAMA 100 ML ', 16900, 31900, 2, 22),
(197, 'CK IN 2 U DAMA 150 ML ', 21900, 36900, 2, 22),
(198, 'CK IN 2 U VARON 100 ML ', 16900, 31900, 1, 22),
(199, 'CK IN 2 U VARON 150 ML ', 21900, 36900, 1, 22),
(200, 'CK ONE RED VARON EDT 100 ML', 21900, 36900, 1, 22),
(201, 'CK ONE RED DAMA EDT 100 ML ', 21900, 36900, 2, 22),
(202, 'CK REVEAL DAMA 100 ML NEW', 27900, 42900, 2, 22),
(203, 'CK REVEAL VARON 100 ML NEW', 27900, 42900, 1, 22),
(204, 'EUPHORIA DAMA EDP 100 ML ', 34900, 49900, 2, 22),
(205, 'EUPHORIA DAMA EDT 100 ML ', 28900, 43900, 2, 22),
(206, 'EUPHORIA GOLD DAMA EDP 100 ML NEW', 34900, 49900, 2, 22),
(207, 'EUPHORIA GOLD VARON EDT 100 ML NEW', 26900, 41900, 1, 22),
(208, 'EUPHORIA MEN EDT 100 ML', 27900, 42900, 1, 22),
(209, 'EUPHORIA MEN EDT 100 ML + AFTER SHAVE 100 ML ESTUCHE', 31900, 46900, 1, 22),
(210, 'EUPHORIA INTENSE VARON EDT 100 ML', 29900, 44900, 1, 22),
(211, 'ESCAPE DAMA EDP 100 ML ', 23900, 38900, 2, 22),
(212, 'ESCAPE VARON EDT 100 ML ', 22900, 37900, 2, 22),
(213, 'ETERNITY DAMA 100 ML  ', 23900, 38900, 2, 22),
(214, 'ETERNITY DAMA 100 ML TESTER', 19900, 34900, 2, 22),
(215, 'ETERNITY VARON 100 ML ', 22900, 37900, 1, 22),
(216, 'OBSESSION DAMA EDP 100 ML ', 22900, 37900, 2, 22),
(217, 'OBSESSION SECRET DAMA EDP 100 ML ', 22900, 37900, 2, 22),
(218, 'OBSESSION NIGHT DAMA EDP 100 ML ', 22900, 37900, 2, 22),
(219, 'OBSESSION VARON EDT 125 ML', 22900, 37900, 1, 22),
(220, 'OBSESSION VARON EDT 125 ML TESTER', 18900, 33900, 1, 22),
(221, 'OBSESSION NIGHT VARON EDT 125 ML', 22900, 37900, 1, 22),
(222, 'CK BEAUTY EDP 100 ML', 29900, 44900, 2, 22),
(223, 'CK TRUTH DAMA 100 ML', 21900, 36900, 2, 22),
(224, 'CK FREE 100 ML ', 21900, 36900, 1, 22),
(225, 'CONTRADICTION DAMA EDP 100 ML', 19900, 34900, 2, 22),
(226, 'CONTRADICTION VARON EDT 100 ML', 19900, 34900, 1, 22),
(227, 'EAU DE CARTIER ZESTE DE SOLEIL EDT 100 ML', 26900, 41900, 1, 23),
(228, 'EAU DE CARTIER ZESTE DE SOLEIL EDT 200 ML', 36900, 51900, 1, 23),
(229, 'EAU BOIS EDT 100 ML NEW', 31900, 46900, 1, 23),
(230, 'EAU DE CARTIER CONCENTRE 100 ML', 31900, 46900, 1, 23),
(231, 'PASHA EDT 100 ML', 32900, 47900, 1, 23),
(232, 'SANTOS EDT 100 ML', 32900, 47900, 1, 23),
(233, 'ROADSTAR 100 ML ', 31900, 46900, 1, 23),
(234, 'ROADSTAR SPORT 100 ML ', 31900, 46900, 1, 23),
(235, 'MUST DE CARTIER 100 ML ', 31900, 46900, 2, 23),
(236, 'COUTURE COUTURE JUICY 100 ML (OFERTA)', 22900, 37900, 2, 24),
(237, 'JADORE VOILE 100 ML NEW', 59900, 74900, 2, 25),
(238, 'ADDICT DELICE DIOR EDT 100 ML', 59900, 74900, 2, 25),
(239, 'ADDICT DELICE DIOR EDT 50 ML', 49900, 64900, 2, 25),
(240, 'ADDICT FRAICHE DIOR EDT 100 ML', 59900, 74900, 2, 25),
(241, 'ADDICT DIOR EDP 100 ML', 69900, 84900, 2, 25),
(242, 'ADDICT DIOR EDP 30 ML', 26900, 41900, 2, 25),
(243, 'ADDICT DIOR EDT 100 ML NEW', 56900, 71900, 2, 25),
(244, 'MISS DIOR EDT 100 ML', 56900, 71900, 2, 25),
(245, 'MISS DIOR BLOOMING BOUQUET 100 ML NEW', 59900, 74900, 2, 25),
(246, 'DOLCEVITA 100 ML ', 64900, 79900, 2, 25),
(247, 'POISON EDT 100 ML', 65900, 80900, 2, 25),
(248, 'PURE POISON EDP 100 ML', 65900, 80900, 2, 25),
(249, 'DUNE EDT DAMA 100 ML', 64900, 79900, 2, 25),
(250, 'DIOR HOMME 100 ML', 49900, 64900, 1, 25),
(251, 'DIOR HOMME 100 ML ESTUCHE', 52900, 67900, 1, 25),
(252, 'DIOR HOMME INTENSE 100 ML NEW', 53900, 68900, 1, 25),
(253, 'DIOR HOMME SPORT 100 ML', 49900, 64900, 1, 25),
(254, 'FAHRENHEIT EDT 50 ML', 34900, 49900, 1, 25),
(255, 'FAHRENHEIT EDT 100 ML', 54900, 69900, 1, 25),
(256, 'CANDY CRUSH EDP 75 ML', 16900, 31900, 5, 26),
(257, 'CUBA DAMA O VARON 35 ML ', 2900, 17900, 5, 27),
(258, 'CUBA DAMA O VARON 100 ML', 4900, 19900, 5, 27),
(259, 'BALDE CUBA DAMA O VARON 100 ML ESTUCHE', 15900, 30900, 5, 27),
(260, 'HAPPY CLINIQUE 100 ML', 31900, 46900, 2, 28),
(261, 'HAPPY HEART CLINIQUE 100 ML', 31900, 46900, 2, 28),
(262, 'AROMATICS IN WHITE 100 ML NEW', 34900, 49900, 2, 28),
(263, 'AROMATICS IN BLACK 100 ML NEW', 34900, 49900, 2, 28),
(264, 'LIGHT BLUE DAMA EDT 100 ML ', 42900, 57900, 2, 29),
(265, 'LIGHT BLUE DAMA EDT 50 ML ', 32900, 47900, 2, 29),
(266, 'LIGHT BLUE DAMA EDT 100 ML TESTER', 37900, 52900, 2, 29),
(267, 'LIGHT BLUE VARON EDT 75 ML', 30900, 45900, 1, 29),
(268, 'LIGHT BLUE VARON EDT 125 ML', 38900, 53900, 1, 29),
(269, 'LIGHT BLUE VARON EDT 200 ML', 46900, 61900, 1, 29),
(270, 'LIGHT BLUE VARON EDT 125 ML TESTER', 33900, 48900, 1, 29),
(271, 'THE ONE COLLECTOR DAMA 75 ML TESTER', 36900, 51900, 2, 29),
(272, 'THE ONE L\' EAU DAMA 75 ML ', 28900, 43900, 2, 29),
(273, 'THE ONE DESIRE DAMA 75 ML ', 44900, 59900, 2, 29),
(274, 'THE ONE GENTLEMAN 50 ML', 25900, 40900, 1, 29),
(275, 'THE ONE EDT VARON 100 ML ', 36900, 51900, 1, 29),
(276, 'THE ONE EDT VARON 100 ML ESTUCHE', 41900, 56900, 1, 29),
(277, 'THE ONE EDT VARON 100 ML TESTER', 32900, 47900, 1, 29),
(278, 'DOLCE GABBANA VARON 125 ML  ', 36900, 51900, 1, 29),
(279, 'DOLCE GABBANA VARON 125 ML TESTER', 32900, 47900, 1, 29),
(280, 'DOLCE GABBANA INTENSO EDP VARON 125 ML  ', 39900, 54900, 1, 29),
(281, 'DOLCE FLORAL DROPS EDP 75 ML NEW', 44900, 59900, 2, 29),
(282, 'D & G L\' IMPERATICE N° 3  100 ML ', 41900, 56900, 2, 29),
(283, 'D & G TO FEMA ESSENCE EDP 65 ML TESTER', 36900, 51900, 2, 29),
(284, 'D & G LA TEMPERANCE N°14 100 ML TESTER', 22900, 37900, 2, 29),
(285, 'D & G LE FOU N°21 100 ML TESTER', 29900, 44900, 1, 29),
(286, 'DADDY YANKEE VARON 100 ML ', 10900, 25900, 1, 30),
(287, 'COOL WATER VARON EDT 125 ML', 21900, 36900, 1, 31),
(288, 'COOL WATER DAMA EDT 100 ML ', 21900, 36900, 2, 31),
(289, 'COOL WATER DAMA EDT 100 ML TESTER', 16900, 31900, 2, 31),
(290, 'RIO ANGRY BIRDS 100 ML', 8900, 23900, 5, 32),
(291, 'PAW PATROL 100 ML ESTUCHE', 12900, 27900, 3, 32),
(292, 'MICKEY 100 ML', 8900, 23900, 3, 32),
(293, 'AVANGERS 100 ML', 10900, 25900, 3, 32),
(294, 'AVANGERS BODY SPRAY 100 ML  ESTUCHE', 12900, 27900, 3, 32),
(295, 'HELLO KITTY 100 ML', 9900, 24900, 4, 32),
(296, 'PEPPA PIG 50 ML', 9900, 24900, 4, 32),
(297, 'PEPPA PIG  BODY SPRAY 200 ML', 9900, 24900, 4, 32),
(298, 'PEPPA PIG GEL DE DUCHA 200 ML', 9900, 24900, 4, 32),
(299, 'PEPPA PIG GEL DE DUCHA 300 ML ', 11900, 26900, 4, 32),
(300, 'PEPPA PIG MINIATURA 7 ML ', 3900, 18900, 4, 32),
(301, 'PEPPA PIG 50 ML ESTUCHE', 11900, 26900, 4, 32),
(302, 'DISNEY 100 ML TESTER', 7900, 22900, 5, 32),
(303, 'DISNEY PRINCESA 100 ML ', 9900, 24900, 4, 32),
(304, 'DISNEY PRINCESA 50 ML ESTUCHE', 10900, 25900, 4, 32),
(305, 'DISNEY PRINCESA 100 ML ESTUCHE', 12900, 27900, 4, 32),
(306, 'MINIONS 100 ML ', 9900, 24900, 5, 32),
(307, 'MINIONS 50 ML ESTUCHE', 10900, 25900, 5, 32),
(308, 'MINIONS BODY SPRAY 200 ML', 9900, 24900, 5, 32),
(309, 'BARBIE 100 ML', 9900, 24900, 4, 32),
(310, 'BARBIE 50 ML ESTUCHE', 10900, 25900, 4, 32),
(311, 'FROZEN 100 ML', 11900, 26900, 4, 32),
(312, 'FROZEN BODY SPRAY 200 ML', 9900, 24900, 4, 32),
(313, 'FROZEN MINIATURA 7 ML', 3900, 18900, 4, 32),
(314, 'FROZEN 30 ML ESTUCHE', 9900, 24900, 4, 32),
(315, 'FROZEN 100 ML ESTUCHE', 12900, 27900, 4, 32),
(316, 'VIOLETTA 100 ML ', 11900, 26900, 4, 32),
(317, 'VIOLETTA BODY SPRAY 200 ML', 9900, 24900, 4, 32),
(318, 'CARS EDT 100 ML ESTUCHE', 12900, 27900, 3, 32),
(319, 'SPIDERMAN 100 ML', 10900, 25900, 3, 32),
(320, 'BATMAN 100 ML', 10900, 25900, 3, 32),
(321, 'SPIDERMAN 100 ML ESTUCHE', 12900, 27900, 3, 32),
(322, 'SUPERMAN 100 ML ESTUCHE', 12900, 27900, 3, 32),
(323, 'FUEL FOR LIFE DAMA 75 ML', 42900, 57900, 2, 33),
(324, 'FUEL FOR LIFE VARON 75 ML', 41900, 56900, 1, 33),
(325, 'ONLY THE BRAVE  75 ML', 39900, 54900, 1, 33),
(326, 'ONLY THE BRAVE TATTO 75 ML', 39900, 54900, 1, 33),
(327, 'ONLY THE BRAVE WILD VARON 125 ML NEW', 43900, 58900, 1, 33),
(328, 'LOVERDOSE EDT 75 ML ', 34900, 49900, 2, 33),
(329, 'LOVERDOSE EDP 75 ML ', 41900, 56900, 2, 33),
(330, 'LOVERDOSE RED KISS EDP 75 ML NEW', 43900, 58900, 2, 33),
(331, 'LOVERDOSE TATTO EDP 75 ML NEW', 41900, 56900, 2, 33),
(332, 'ZERO PLUS DAMA 75 ML ', 8900, 23900, 2, 33),
(333, 'DIESEL PLUS PLUS DAMA 75 ML', 8900, 23900, 2, 33),
(334, 'MY DKNY DAMA EDP 100 ML NEW', 32900, 47900, 2, 34),
(335, 'DKNY TORRE DAMA EDP 100 ML', 29900, 44900, 2, 34),
(336, 'DKNY TORRE DAMA EDT 50 ML', 21900, 36900, 2, 34),
(337, 'DKNY FALL LIMITED EDITION 100 ML TESTER NEW', 21900, 36900, 2, 34),
(338, 'DKNY TORRE VARON EDT 100 ML ', 29900, 44900, 1, 34),
(339, 'DKNY TORRE VARON EDT 100 ML TESTER', 26900, 41900, 1, 34),
(340, 'DKNY MAN EDT 100 ML ', 27900, 42900, 1, 34),
(341, 'BE DELICIOUS VARON EDT 100 ML', 29900, 44900, 2, 34),
(342, 'BE DELICIOUS DAMA EDP 100 ML (VERDE)', 29900, 44900, 2, 34),
(343, 'FRESH BLOSSOM 100 ML (BLANCO)', 31900, 46900, 2, 34),
(344, 'GOLDEN DELICIOUS 100 ML (DORADO)', 33900, 48900, 2, 34),
(345, 'BE DELICIOUS NIGHT DAMA 100 ML (NEGRO)', 34900, 49900, 2, 34),
(346, 'RED DELICIOUS DAMA 100 ML (ROJO)  TESTER', 29900, 44900, 2, 34),
(347, 'DKNY PURE EDP 100 ML', 28900, 43900, 2, 34),
(348, 'DESIRE BLUE 100 ML VARON TESTER', 19900, 34900, 1, 35),
(349, 'DESIRE RED 100 ML VARON TESTER', 19900, 34900, 1, 35),
(350, '5TH AVENUE 125 ML ', 21900, 36900, 2, 36),
(351, 'RED DOOR 100 ML ', 32900, 47900, 2, 36),
(352, 'RED DOOR 100 ML ESTUCHE', 36900, 51900, 2, 36),
(353, 'RED DOOR AURA EDT 100 ML', 27900, 42900, 2, 36),
(354, 'RED DOOR EDP SHIMMER 100 ML NEW', 23900, 38900, 2, 36),
(355, 'ARDEN BEAUTY 100 ML', 15900, 30900, 2, 36),
(356, 'WHITE DIAMONDS 100 ML', 17900, 32900, 2, 36),
(357, 'SUN FLOWER 100 ML ', 13900, 28900, 2, 36),
(358, 'GREEN TEA 100 ML', 13900, 28900, 2, 36),
(359, 'Z ZEGNA 100 ML', 24900, 39900, 1, 37),
(360, 'Z INTENSO 100 ML', 24900, 39900, 1, 37),
(361, 'Z FORTE 100 ML ', 24900, 39900, 1, 37),
(362, 'UNGARO III EDT 100 ML', 13900, 28900, 1, 38),
(363, 'UNGARO III PARFUM AROMATIC EDT 100 ML NEW', 14900, 29900, 1, 38),
(364, 'UNGARO MAN 90 ML ', 14900, 29900, 1, 38),
(365, 'UNGARO PARTY 90 ML ', 15900, 30900, 2, 38),
(366, 'UNGARO WOMAN 90 ML ', 14900, 29900, 2, 38),
(367, 'MAGNETISM ESCADA EDP 75 ML', 31900, 46900, 2, 39),
(368, 'MAGNETISM ESCADA EDP 50 ML', 26900, 41900, 2, 39),
(369, 'ESCADA JOYFUL 75 ML TESTER', 19900, 34900, 2, 39),
(370, 'PLEASURES EDT VARON 100 ML ', 29900, 44900, 2, 40),
(371, 'BEAUTIFUL EDP 75 ML ', 46900, 61900, 2, 40),
(372, 'EL SENSUOUS EDP 100 ML NEW', 43900, 58900, 2, 40),
(373, 'MODERN MUSE EDP 100 ML', 43900, 58900, 2, 40),
(374, 'MODERN MUSE CHIC EDP 100 ML ', 43900, 58900, 2, 40),
(375, 'MODERN MUSE EAU ROUGE EDP 100 ML NEW', 43900, 58900, 2, 40),
(376, 'FERRARI BLACK 125 ML ', 20900, 35900, 1, 41),
(377, 'FERRARI BLACK 125 ML TESTER', 17900, 32900, 1, 41),
(378, 'FERRARI RED 125 ML ', 20900, 35900, 1, 41),
(379, 'ACQUA DI GIO EDT VARON 100 ML ', 42900, 57900, 1, 42),
(380, 'ACQUA DI GIO EDT VARON 100 ML ESTUCHE', 46900, 61900, 1, 42),
(381, 'ACQUA DI GIO EDT VARON 100 ML + 20 ML ESTUCHE', 51900, 66900, 1, 42),
(382, 'ACQUA DI GIO EDT VARON 200 ML ', 58900, 73900, 1, 42),
(383, 'ACQUA DI GIO PROFUMO 75 ML ', 44900, 59900, 1, 42),
(384, 'ACQUA DI GIO PROFUMO 125 ML ', 53900, 68900, 1, 42),
(385, 'ACQUA DI GIO PROFUMO 180 ML ', 63900, 78900, 1, 42),
(386, 'ACQUA DI GIO DAMA 100 ML', 49900, 64900, 2, 42),
(387, 'ACQUA DI GIOIA AIR EDP 100 ML NEW', 53900, 68900, 2, 42),
(388, 'ACQUA DI GIOIA SUN EDP 100 ML NEW', 53900, 68900, 2, 42),
(389, 'ACQUA DI GIOIA EDP DAMA 100 ML  ', 44900, 59900, 2, 42),
(390, 'ACQUA DI GIOIA EDP DAMA 100 ML ESTUCHE', 48900, 63900, 2, 42),
(391, 'ACQUA DI GIOIA EDT DAMA 100 ML', 38900, 53900, 2, 42),
(392, 'ACQUA DI GIO ESSENZA VARON 75 ML ', 42900, 57900, 1, 42),
(393, 'ACQUA DI GIO ESSENZA VARON 180 ML ', 56900, 71900, 1, 42),
(394, 'SI ARMANI 100 ML', 54900, 69900, 2, 42),
(395, 'SI ARMANI  INTENSE 100 ML', 66900, 81900, 2, 42),
(396, 'EMPORIO HE EDT VARON 100 ML', 43900, 58900, 1, 42),
(397, 'EMPORIO SHE EDP DAMA 100 ML', 45900, 60900, 2, 42),
(398, 'ARMANI CODE VARON 75 ML ESTUCHE', 42900, 57900, 1, 42),
(399, 'ARMANI CODE VARON 125 ML ', 49900, 64900, 1, 42),
(400, 'ARMANI CODE PROFUMO EDP VARON 110 ML NEW', 59900, 74900, 1, 42),
(401, 'ARMANI CODE ICE 75 ML', 39900, 54900, 1, 42),
(402, 'ARMANI CODE ICE 125 ML', 49900, 64900, 1, 42),
(403, 'ARMANI CODE DAMA EDP 75 ML ', 42900, 57900, 2, 42),
(404, 'ARMANI CODE DAMA EDP 75 ML ESTUCHE', 46900, 61900, 2, 42),
(405, 'DIAMONDS DAMA EDP 100 ML ', 48900, 63900, 2, 42),
(406, 'DIAMONDS VARON EDT 75 ML ', 39900, 54900, 1, 42),
(407, 'ARMANI MANIA DAMA 75 ML', 46900, 61900, 2, 42),
(408, 'GIORGIO BEVERLY HILLS 90 ML (AMARILLO)', 19900, 34900, 2, 43),
(409, 'G GIORGIO BEVERLY HILLS 90 ML (MORADO)', 19900, 34900, 2, 43),
(410, 'XERYUS ROUGE 100 ML ', 32900, 47900, 1, 44),
(411, 'GIVENCHY POUR HOMME VARON 100 ML', 29900, 44900, 1, 44),
(412, 'GIVENCHY BLUE LABEL 100 ML ', 32900, 47900, 1, 44),
(413, 'VERY IRRESISTIBLE DAMA EDT 75 ML ', 37900, 52900, 2, 44),
(414, 'VERY IRRESISTIBLE ELECTRIC ROSE EDT 75 ML ', 29900, 44900, 2, 44),
(415, 'VERY IRRESISTIBLE CROISIERE EDT 75 ML ', 34900, 49900, 2, 44),
(416, 'ANGE OU DEMON EDP 100 ML', 46900, 61900, 2, 44),
(417, 'ANGE OU DEMON EDP 50 ML', 37900, 52900, 2, 44),
(418, 'ANGE OU DEMON LE SECRET EDP 100 ML ', 46900, 61900, 2, 44),
(419, 'ANGE OU DEMON LE SECRET EDP 50 ML ', 37900, 52900, 2, 44),
(420, 'ANGE OU DEMON LE SECRET ELIXIR EDP 100 ML ', 46900, 61900, 2, 44),
(421, 'PLAY DAMA EDP 50 ML', 26900, 41900, 2, 44),
(422, 'PLAY DAMA EDP 75 ML', 34900, 49900, 2, 44),
(423, 'PLAY INTENSE DAMA EDP 75 ML ', 34900, 49900, 2, 44),
(424, 'PLAY VARON 100 ML', 33900, 48900, 1, 44),
(425, 'PLAY INTENSE VARON 150 ML', 41900, 56900, 1, 44),
(426, 'PLAY INTENSE VARON 50 ML', 26900, 41900, 1, 44),
(427, 'PI GIVENCHY 100 ML ', 36900, 51900, 1, 44),
(428, 'PI NEO GIVENCHY EDT 50 ML ', 26900, 41900, 1, 44),
(429, 'INSENSE ULTRAMARINE 100 ML', 28900, 43900, 1, 44),
(430, 'HOT COUTURE EDP 100 ML ', 49900, 64900, 2, 44),
(431, 'YSATIS GIVENCHY 100 ML', 44900, 59900, 2, 44),
(432, 'ORGANZA EDP GIVENCHY 100 ML ', 45900, 60900, 2, 44),
(433, 'EXTRAVAGANCE 100 ML ', 44900, 59900, 2, 44),
(434, 'AMARIGE GIVENCHY 100 ML', 44900, 59900, 2, 44),
(435, 'AMARIGE GIVENCHY 30 ML', 23900, 38900, 2, 44),
(436, 'GUESS DAMA EDP 75 ML TESTER', 16900, 31900, 2, 45),
(437, 'SAMSARA EDT 100 ML', 39900, 54900, 2, 46),
(438, 'GUCCI SPORT VARON 90 ML TESTER', 31900, 46900, 1, 47),
(439, 'GUCCI GUILTY DIAMOND DAMA 50 ML TESTER', 27900, 42900, 2, 47),
(440, 'GUCCI BY GUCCI MEAUSSURE 90 ML TESTER', 32900, 47900, 1, 47),
(441, 'GUCCI FLORA EDT 75 ML TESTER', 34900, 49900, 2, 47),
(442, 'GUCCI FLORA FRAICHE 75 ML TESTER', 34900, 49900, 2, 47),
(443, 'GUCCI PREMIER EDP 75 ML ', 39900, 54900, 2, 47),
(444, 'GUCCI ENVY ME EDP 100 ML TESTER', 34900, 49900, 2, 47),
(445, 'GUCCI GUILTY BLACK DAMA EDT 75 ML ', 39900, 54900, 2, 47),
(446, 'GUCCI FLORA GARDEN MAGNOLIA EDT 100 ML', 39900, 54900, 2, 47),
(447, 'GUCCI FLORA GARDENIA EDT 100 ML TESTER', 34900, 49900, 2, 47),
(448, 'GUCCI FLORA MANDARIN EDT 100 ML TESTER', 34900, 49900, 2, 47),
(449, 'GUCCI RUSH EDT 75 ML', 46900, 61900, 2, 47),
(450, 'DRAKKAR NOIR 100 ML  ', 21900, 36900, 1, 48),
(451, 'DRAKKAR NOIR 200 ML  ', 30900, 45900, 1, 48),
(452, 'DRAKKAR NOIR ESSENCE 200 ML  ', 29900, 44900, 1, 48),
(453, 'GLORIA VANDERBILT 100 ML', 11900, 26900, 2, 49),
(454, 'TERRE D\'HERMES EDT VARON 100 ML', 69900, 84900, 1, 50),
(455, 'TERRE D\'HERMES EDT VARON 100 ML TESTER', 59900, 74900, 1, 50),
(456, 'VOYAGE D\'HERMES EDT VARON 100 ML TESTER', 59900, 74900, 1, 50),
(457, 'HOLLYSTER WAVE DAMA 100 ML NEW', 19900, 34900, 2, 51),
(458, 'HOLLYSTER WAVE VARON 100 ML NEW', 19900, 34900, 1, 51),
(459, 'HALSTON Z-14 EDT 125 ML ', 14900, 29900, 1, 52),
(460, 'HALSTON Z-14 EDT 125 ML ESTUCHE', 18900, 33900, 1, 52),
(461, 'BOSS BOTTLE  N° 6  100 ML (GRIS)', 31900, 46900, 1, 53),
(462, 'BOSS BOTTLE  N° 6  50 ML (GRIS)', 19900, 34900, 1, 53),
(463, 'BOSS BOTTLE  N° 6 100 ML TESTER (GRIS)', 25900, 40900, 1, 53),
(464, 'BOSS BOTTLE INTENSE 100 ML', 32900, 47900, 1, 53),
(465, 'BOSS BOTTLE COLLECTOR BLACK 100 ML', 32900, 47900, 1, 53),
(466, 'BOSS UNLIMITED 100 ML (BLANCO)', 32900, 47900, 1, 53),
(467, 'BOSS THE SCENT EDT 100 ML ', 42900, 57900, 1, 53),
(468, 'BOSS NIGHT VARON 50 ML', 19900, 34900, 1, 53),
(469, 'BOSS NIGHT VARON 100 ML ', 29900, 44900, 1, 53),
(470, 'BOSS NIGHT VARON 200 ML ', 42900, 57900, 1, 53),
(471, 'BOSS NIGHT VARON 100 ML TESTER', 25900, 40900, 1, 53),
(472, 'BOSS ORANGE EDT VARON 100 ML ', 29900, 44900, 1, 53),
(473, 'BOSS INMOTION 90 ML ', 28900, 43900, 1, 53),
(474, 'BOSS JOUR EDP 75 ML ', 29900, 44900, 2, 53),
(475, 'BOSS NUIT EDP 75 ML ', 29900, 44900, 2, 53),
(476, 'BOSS NUIT INTENSE EDP 75 ML ', 32900, 47900, 2, 53),
(477, 'BOSS SELECTION VARON 90 ML ', 29900, 44900, 1, 53),
(478, 'HUGO XX DAMA 100 ML', 24900, 39900, 2, 53),
(479, 'HUGO XY VARON 100 ML', 24900, 39900, 1, 53),
(480, 'HUGO ENERGIZE VARON  EDT 75 ML ', 26900, 41900, 1, 53),
(481, 'BOSS FEMME EDP 75 ML ', 32900, 47900, 2, 53),
(482, 'BOSS WOMAN ( MEDIA LUNA ) 90 ML', 31900, 46900, 2, 53),
(483, 'BOSS WOMAN EXTREME EDP 75 ML NEW', 33900, 48900, 2, 53),
(484, 'HUGO WOMAN EDP 75 ML TESTER ', 29900, 44900, 2, 53),
(485, 'HUGO CANTIMPLORA VARON 125 ML ', 32900, 47900, 1, 53),
(486, 'HUGO CANTIMPLORA VARON 200 ML ', 40900, 55900, 1, 53),
(487, 'HUGO RED VARON 75 ML  ', 23900, 38900, 1, 53),
(488, 'HUGO RED VARON 125 ML ', 31900, 46900, 1, 53),
(489, 'HUGO RED VARON 200 ML ', 39900, 54900, 1, 53),
(490, 'HUGO JUST DIFFERENT 100 ML', 28900, 43900, 1, 53),
(491, 'HUGO JUST DIFFERENT 150 ML', 32900, 47900, 1, 53),
(492, 'HUGO JUST DIFFERENT 200 ML', 39900, 54900, 1, 53),
(493, 'HUGO DEEP RED 90 ML ', 32900, 47900, 2, 53),
(494, 'BOSS MAVIE DAMA 75 ML NEW', 37900, 52900, 2, 53),
(495, 'DARK BLUE VARON 75 ML ', 28900, 43900, 1, 53),
(496, 'BOSS N° 1 VARON 125 ML', 26900, 41900, 1, 53),
(497, 'BOSS SOUL 90 ML', 29900, 44900, 1, 53),
(498, 'HUGO ELEMENT 90 ML ', 28900, 43900, 1, 53),
(499, 'ISSEY MIYAKE VARON 125 ML ', 39900, 54900, 1, 54),
(500, 'ISSEY MIYAKE NUIT VARON 125 ML ESTUCHE', 41900, 56900, 1, 54),
(501, 'ISSEY MIYAKE NUIT VARON 75 ML ESTUCHE', 36900, 51900, 1, 54),
(502, 'ISSEY MIYAKE DAMA 100 ML  ', 39900, 54900, 2, 54),
(503, 'FANCY NIGHT 100 ML', 9900, 24900, 2, 55),
(504, 'HALLOWEEN EDT DAMA 100 ML ', 19900, 34900, 2, 56),
(505, 'HALLOWEEN EDT DAMA 100 ML TESTER', 15900, 30900, 2, 56),
(506, 'HALLOWEEN EDT DAMA 30 ML ', 9900, 24900, 2, 56),
(507, 'HALLOWEEN FEVER EDP DAMA 100 ML ', 19900, 34900, 2, 56),
(508, 'HALLOWEEN FEVER EDP DAMA 100 ML TESTER', 16900, 31900, 2, 56),
(509, 'HALLOWEEN FRESIA 100 ML ', 18900, 33900, 2, 56),
(510, 'HALLOWEEN FLEUR 100 ML ', 18900, 33900, 2, 56),
(511, 'HALLOWEEN WATER LILY 100 ML ', 18900, 33900, 2, 56),
(512, 'HALLOWEEN KISS 100 ML', 19900, 34900, 2, 56),
(513, 'HALLOWEEN SEXY KISS 100 ML', 19900, 34900, 2, 56),
(514, 'HALLOWEEN BLUE DROP 100 ML ', 20900, 35900, 2, 56),
(515, 'HALLOWEEN BLUE DROP 100 ML + HALLOWEEN 30 ML ESTUCHE', 29900, 44900, 2, 56),
(516, 'HALLOWEEN 100 ML + HALLOWEEN BLUE DROP 30 ML ESTUCHE', 29900, 44900, 2, 56),
(517, 'HALLOWEEN BLUE DROP 100 ML TESTER', 17900, 32900, 2, 56),
(518, 'HALLOWEEN SUN 100 ML ', 18900, 33900, 2, 56),
(519, 'HALLOWEEN DAMA TATTO EDT 100 ML NEW', 19900, 34900, 2, 56),
(520, 'HALLOWEEN SHOT DAMA 100 ML ', 24900, 39900, 2, 56),
(521, 'HALLOWEEN SHOT DAMA 100 ML + 30 ML ESTUCHE', 29900, 44900, 2, 56),
(522, 'HALLOWEEN SHOT DAMA 100 ML TESTER', 19900, 34900, 2, 56),
(523, 'HALLOWEEN MAN VARON 125 ML ', 25900, 40900, 1, 56),
(524, 'HALLOWEEN SHOT VARON 125 ML ', 25900, 40900, 1, 56),
(525, 'HALLOWEEN SHOT VARON 125 ML TESTER', 19900, 34900, 1, 56),
(526, 'HALLOWEEN MAN ROCK ON 125 ML ', 24900, 39900, 1, 56),
(527, 'HALLOWEEN MAN ROCK ON 125 ML TESTER', 19900, 34900, 1, 56),
(528, 'ESENCIA DUENDE 100 ML (DESCONTINUADO)', 28900, 43900, 2, 56),
(529, 'ESENCIA DUENDE 100 ML TESTER (DESCONTINUADO)', 21900, 36900, 2, 56),
(530, 'JIMMY CHOO EDP 100 ML ', 27900, 42900, 2, 57),
(531, 'JIMMY CHOO EDT 100 ML TESTER', 16900, 31900, 2, 57),
(532, 'JIMMY CHOO VARON EDT 100 ML ', 24900, 39900, 1, 57),
(533, 'JIMMY CHOO ILICIT EDP 100 ML NEW', 31900, 46900, 2, 57),
(534, 'GLOW AFTER DARK 100 ML', 16900, 31900, 2, 58),
(535, 'LIVE 100 ML', 16900, 31900, 2, 58),
(536, 'LIVE LUXE 100 ML', 16900, 31900, 2, 58),
(537, 'STILL 100 ML ', 16900, 31900, 2, 58),
(538, 'JEAN PAUL GAULTIER 125 ML', 35900, 50900, 1, 59),
(539, 'JEAN PAUL GAULTIER VARON 75 ML ESTUCHE', 31900, 46900, 1, 59),
(540, 'JEAN PAUL GAULTIER VARON 200 ML', 49900, 64900, 1, 59),
(541, 'JEAN PAUL GAULTIER TERRIBLE 75 ML ', 31900, 46900, 1, 59),
(542, 'JEAN PAUL GAULTIER TERRIBLE 125 ML ', 38900, 53900, 1, 59),
(543, 'JEAN PAUL GAULTIER BEAU 125 ML ', 38900, 53900, 1, 59),
(544, 'JEAN PAUL GAULTIER BEAU 75 ML ESTUCHE', 34900, 49900, 1, 59),
(545, 'JEAN PAUL GAULTIER DAMA 100 ML ', 39900, 54900, 2, 59),
(546, 'JEAN PAUL GAULTIER DAMA 100 ML TESTER', 35900, 50900, 2, 59),
(547, 'KOKORICO VARON 50 ML ', 23900, 38900, 1, 59),
(548, 'JEAN ARTHES VARON 100 ML', 4900, 19900, 1, 60),
(549, 'JOOP VARON 125 ML ', 22900, 37900, 1, 61),
(550, 'JOOP MISS WILD EDP 75 ML NEW', 21900, 36900, 2, 61),
(551, 'JOVAN MUSK VARON 88 ML', 3900, 18900, 1, 62),
(552, 'GIRLFRIEND BY JUSTIN BIEBER 100 ML ', 18900, 33900, 2, 63),
(553, 'SOMEDAY BY JUSTIN BIEBER 100 ML ', 18900, 33900, 2, 63),
(554, 'THE KEY BY JUSTIN BIEBER 100 ML', 20900, 35900, 2, 63),
(555, 'THE KEY BY JUSTIN BIEBER 50 ML', 6900, 21900, 2, 63),
(556, 'THE KEY BY JUSTIN BIEBER 100 ML TESTER', 15900, 30900, 2, 63),
(557, 'KATY PERRY MEOW 100 ML ', 14900, 29900, 2, 64),
(558, 'KATY PERRY PURR 100 ML ', 14900, 29900, 2, 64),
(559, 'KATY PERRY MAD POTION 100 ML NEW', 14900, 29900, 2, 64),
(560, 'KATY PERRY KILLER OH SO SHEER 100 ML ', 14900, 29900, 2, 64),
(561, 'KATY PERRY KILLER QUEEN EDP 100 ML ', 14900, 29900, 2, 64),
(562, 'KATY PERRY ROYAL REVOLUTION EDP 100 ML ', 14900, 29900, 2, 64),
(563, 'KARL LAGERFIELD PARADISE DAMA EDP 85 ML', 16900, 31900, 2, 65),
(564, 'KARL LAGERFIELD VARON EDT 100 ML ESTUCHE', 19900, 34900, 1, 65),
(565, 'KARL LAGERFIELD VARON EDT 50 ML ESTUCHE', 12900, 27900, 1, 65),
(566, 'KARL LAGERFIELD DAMA EDP 45 ML ESTUCHE', 12900, 27900, 2, 65),
(567, 'FLOWER BY KENZO EDP 100 ML ', 39900, 54900, 2, 66),
(568, 'KENZO POUR HOMME 100 ML ', 34900, 49900, 1, 66),
(569, 'KENZO NIGHT VARON 100 ML ESTUCHE', 34900, 49900, 1, 66),
(570, 'KENZO AMOUR EDP 100 ML', 44900, 59900, 2, 66),
(571, 'KENZO AMOUR EDP 100 ML ESTUCHE', 49900, 64900, 2, 66),
(572, 'KENZO AMOUR EDP 50 ML ESTUCHE', 39900, 54900, 2, 66),
(573, 'KENZO AMOUR FLORALE EDT 85 ML ', 26900, 41900, 2, 66),
(574, 'KENZO JEAU D\' AMOUR EDP 100 ML NEW', 39900, 54900, 2, 66),
(575, 'L\' EAU PAR KENZO DAMA 100 ML ', 32900, 47900, 2, 66),
(576, 'L\' EAU PAR KENZO DAMA 30 ML ', 18900, 33900, 2, 66),
(577, 'L\' EAU PAR KENZO VARON 100 ML ', 29900, 44900, 1, 66),
(578, 'L\' EAU PAR KENZO VARON 50 ML ', 18900, 33900, 1, 66),
(579, 'KENZO D\' ETE EDP 75 ML', 39900, 54900, 2, 66),
(580, 'KENZO JUNGLE EDT VARON 100 ML', 39900, 54900, 1, 66),
(581, 'FLOWER IN THE AIR EDT 100 ML ', 31900, 46900, 2, 66),
(582, 'FLOWER IN THE AIR EDP 100 ML ', 36900, 51900, 2, 66),
(583, 'FLOWER IN THE AIR EDP 100 ML TESTER', 31900, 46900, 2, 66),
(584, 'CURVE VARON 125 ML ESTUCHE', 28900, 43900, 1, 67),
(585, 'CURVE CRUSH DAMA 100 ML', 15900, 30900, 2, 67),
(586, 'LOLITA TRADICIONAL EDP 100 ML', 26900, 41900, 2, 68),
(587, 'LOLITA TRADICIONAL EDP 100 ML TESTER ', 22900, 37900, 2, 68),
(588, 'LOLITA TRADICIONAL EDT 50 ML ESTUCHE', 20900, 35900, 2, 68),
(589, 'LOLITA LEMPICA EDT 100 ML VARON', 26900, 41900, 1, 68),
(590, 'LOLITA L\' EAU EN BLANC EDP 100 ML ', 23900, 38900, 2, 68),
(591, 'LOLITA SI EDP 80 ML ', 23900, 38900, 2, 68),
(592, 'LOLITA SI EDT 80 ML', 20900, 35900, 2, 68),
(593, 'LOLITA SI EDT 50 ML', 16900, 31900, 2, 68),
(594, 'TOUCH OF PINK 90 ML ', 30900, 45900, 2, 69),
(595, 'JOY OF PINK 90 ML', 34900, 49900, 2, 69),
(596, 'LOVE OF PINK 90 ML (DESCONTINUADO)', 36900, 51900, 2, 69),
(597, 'LACOSTE POUR HOMME (GRIS) 100 ML', 29900, 44900, 1, 69),
(598, 'EAU LACOSTE SENSUELLE 90 ML ', 34900, 49900, 2, 69),
(599, 'LACOSTE LE BLANC 100 ML ', 31900, 46900, 1, 69),
(600, 'LACOSTE JAUNE 100 ML NEW', 31900, 46900, 1, 69),
(601, 'LACOSTE LE NOIR 100 ML ', 31900, 46900, 1, 69),
(602, 'LACOSTE LE ROUGE 100 ML', 29900, 44900, 1, 69),
(603, 'LACOSTE ESSENTIAL 125 ML', 31900, 46900, 1, 69),
(604, 'LACOSTE BOOSTER 125 ML ', 32900, 47900, 1, 69),
(605, 'LACOSTE RED 125 ML ', 31900, 46900, 1, 69),
(606, 'CHALLENGER 90 ML', 36900, 51900, 1, 69),
(607, 'CHALLENGER REFRESH 90 ML ', 31900, 46900, 1, 69),
(608, 'LACOSTE LIVE 100 ML NEW', 32900, 47900, 1, 69),
(609, 'LACOSTE LIVE 100 ML TESTER NEW', 27900, 42900, 1, 69),
(610, 'ECLAT ARPAGE DAMA 100 ML ', 25900, 40900, 2, 70),
(611, 'ECLAT ARPAGE DAMA 100 ML TESTER', 19900, 34900, 2, 70),
(612, 'ECLAT ARPAGE VARON 100 ML', 22900, 37900, 1, 70),
(613, 'LANVIN ME EDP 80 ML ESTUCHE', 24900, 39900, 2, 70),
(614, 'LANVIN ME L EAU EDT 80 ML NEW', 20900, 35900, 2, 70),
(615, 'OXYGEN DAMA EDP 75 ML ', 18900, 33900, 2, 70),
(616, 'OXYGEN VARON EDT 100 ML', 18900, 33900, 1, 70),
(617, 'MARRY ME EDP 80 ML', 20900, 35900, 2, 70),
(618, 'RUMEUR ROSE EDP 100 ML', 21900, 36900, 2, 70),
(619, 'JEANNE LANVIN 100 ML', 21900, 36900, 2, 70),
(620, 'JEANNE COUTURE LANVIN 100 ML', 21900, 36900, 2, 70),
(621, 'LAPIDUS VARON 100 ML ', 13900, 28900, 1, 71),
(622, 'LAPIDUS VARON 100 ML ESTUCHE', 16900, 31900, 1, 71),
(623, 'LAPIDUS WOMAN 100 ML ', 14900, 29900, 2, 71),
(624, 'LAPIDUS GOLD EXTREME VARON 100 ML', 13900, 28900, 1, 71),
(625, 'WHITE SOUL DAMA 100 ML', 16900, 31900, 2, 71),
(626, 'CREATION 100 ML', 14900, 29900, 2, 71),
(627, 'FANTASME DAMA EDT 100 ML  ', 14900, 29900, 2, 71),
(628, 'LA VIE EST BELLE EDP 75 ML', 49900, 64900, 2, 72),
(629, 'LA VIE EST BELLE EDP 100 ML ', 58900, 73900, 2, 72),
(630, 'LA VIE EST BELLE EDT 100 ML ', 46900, 61900, 2, 72),
(631, 'MIRACLE EDP 100 ML', 49900, 64900, 2, 72),
(632, 'TRESOR EDP 100 ML', 54900, 69900, 2, 72),
(633, 'TRESOR EDP 100 ML TESTER', 49900, 64900, 2, 72),
(634, 'TRESOR LA NUIT EDP 75 ML NEW', 52900, 67900, 2, 72),
(635, 'TRESOR MIDNIGHT ROSE EDP 75 ML ', 49900, 64900, 2, 72),
(636, 'TRESOR IN LOVE 75 ML ', 42900, 57900, 2, 72),
(637, 'HYPNOSE DAMA EDP 75 ML ', 46900, 61900, 2, 72),
(638, 'HYPNOSE DAMA EDT 75 ML ', 36900, 51900, 2, 72),
(639, 'HYPNOSE VARON  EDT 75 ML ', 36900, 51900, 1, 72),
(640, 'MAGIE NOIRE DAMA EDT 75 ML ', 46900, 61900, 2, 72),
(641, 'POEME EDP 100 ML', 49900, 64900, 2, 72),
(642, 'O DE LANCOME DAMA 125 ML ', 36900, 51900, 2, 72),
(643, 'O DE LANCOME DAMA 75 ML ', 29900, 44900, 2, 72),
(644, 'QUARTZ DAMA EDP 100 ML ', 19900, 34900, 2, 73),
(645, 'QUARTZ SILVER VARON 100 ML ', 12900, 27900, 1, 73),
(646, 'WHITE MICHAEL KORS EDP 100 ML', 26900, 41900, 2, 74),
(647, 'WHITE MICHAEL KORS EDP 50 ML', 18900, 33900, 2, 74),
(648, 'WHITE LUMINOUS GOLD EDP 100 ML ', 26900, 41900, 2, 74),
(649, 'SPORTY CITRUS MICHAEL KORS EDP 100 ML', 36900, 51900, 2, 74),
(650, 'SEXY SUNSET EDP 100 ML NEW', 36900, 51900, 2, 74),
(651, 'SEXY SUNSET EDP 100 ML TESTER NEW', 29900, 44900, 2, 74),
(652, 'MICHAEL KORS EDP 100 ML TESTER', 29900, 44900, 2, 74),
(653, 'GLAM JASMINE MICHAEL KORS EDP 100 ML', 36900, 51900, 2, 74),
(654, 'HOLLYWOOD MICHAEL KORS 100 ML NEW', 36900, 51900, 2, 74),
(655, 'BEWITCHED 100 ML (SIMILAR HALLOWEEN)', 7900, 22900, 2, 75),
(656, 'DSL PLUS PLUS DAMA 75 ML', 7900, 22900, 2, 75),
(657, 'DSL EXTREME PLUS DAMA 75 ML', 7900, 22900, 2, 75),
(658, 'DAISY MARC JACOBS EDT 100 ML ', 37900, 52900, 2, 76),
(659, 'DAISY MARC JACOBS EDT 100 ML ESTUCHE', 41900, 56900, 2, 76),
(660, 'DAISY FRESH MARC JACOBS  EDT 125 ML ', 37900, 52900, 2, 76),
(661, 'DAISY DREAM MARC JACOBS 100 ML ', 37900, 52900, 2, 76),
(662, 'DAISY DREAM MARC JACOBS 100 ML ESTUCHE', 41900, 56900, 2, 76),
(663, 'STARWALKER 100 ML ', 18900, 33900, 1, 77),
(664, 'PRESENCE VARON EDT 75 ML', 18900, 33900, 1, 77),
(665, 'INDIVIDUAL VARON EDT 75 ML', 18900, 33900, 1, 77),
(666, 'INDIVIDUAL DAMA EDP 75 ML ', 22900, 37900, 2, 77),
(667, 'EXCEPTIONAL VARON 75 ML ', 18900, 33900, 1, 77),
(668, 'MONT BLANC LEGEND VARON 100 ML ', 26900, 41900, 1, 77),
(669, 'MONT BLANC LEGEND SPIRIT VARON 100 ML NEW', 29900, 44900, 1, 77),
(670, 'EMBLEM VARON EDT 100 ML ', 26900, 41900, 1, 77),
(671, 'EMBLEM INTENSE VARON EDT 100 ML ', 28900, 43900, 1, 77),
(672, 'EMBLEM DAMA EDP 75 ML ', 29900, 44900, 2, 77),
(673, 'EMBLEM DAMA EDP 75 ML TESTER', 24900, 39900, 2, 77),
(674, 'LEGEND VARON 100 ML TESTER', 22900, 37900, 1, 77),
(675, 'LEGEND INTENSE VARON 100 ML TESTER', 22900, 37900, 1, 77),
(676, 'LOVE LOVE 100 ML ', 29900, 44900, 2, 78),
(677, 'FUNNY 100 ML ', 28900, 43900, 2, 78),
(678, 'CHEAP AND CHIC MOSCHINO 100 ML', 27900, 42900, 2, 78),
(679, 'HIPPY FIZZ MOSCHINO 100 ML', 27900, 42900, 2, 78),
(680, 'HIPPY FIZZ MOSCHINO 50 ML ', 14900, 29900, 2, 78),
(681, 'CHIC PETALS MOSCHINO 100 ML ', 27900, 42900, 2, 78),
(682, 'CHIC PETALS MOSCHINO 50 ML ', 15900, 30900, 2, 78),
(683, 'FOREVER MOSCHINO VARON 100 ML', 28900, 43900, 1, 78),
(684, 'SILILING MOSCHINO VARON 100 ML', 29900, 44900, 1, 78),
(685, 'FRESH COUTURE MOSCHINO 100 ML TESTER NEW', 26900, 41900, 2, 78),
(686, 'NAUTICA CLASSIC 100 ML ', 7900, 22900, 1, 79),
(687, 'NAUTICA CLASSIC 50 ML TESTER', 3900, 18900, 1, 79),
(688, 'NAUTICA BLUE 100 ML', 7900, 22900, 1, 79),
(689, 'PINK FRIDAY BY NICKY MINAJ EDP 100 ML ', 29900, 44900, 2, 80),
(690, 'MINAJESTY BY NICKY MINAJ EDP 100 ML ', 29900, 44900, 2, 80),
(691, 'NINA EDT 80 ML', 34900, 49900, 2, 81),
(692, 'NINA EDT 80 ML TESTER', 28900, 43900, 2, 81),
(693, 'NINA ELIXIR 80 ML ', 41900, 56900, 2, 81),
(694, 'NINA L\'EAU 80 ML NEW', 34900, 49900, 2, 81),
(695, 'PREMIER JOUR 100 ML ', 32900, 47900, 2, 81),
(696, 'NINA L\'EXTASE EDP 80 ML NEW', 46900, 61900, 2, 81),
(697, 'NINA L\'EXTASE EDP 30 ML NEW', 29900, 44900, 2, 81),
(698, 'NINA LA TENTACION 50 ML NEW', 29900, 44900, 2, 81),
(699, 'NINA DELICE EDT 80 ML NEW', 34900, 49900, 2, 81),
(700, 'OUR MOMENT BY ONE DIRECTION 100 ML', 21900, 36900, 2, 82),
(701, 'OUR MOMENT BY ONE DIRECTION 100 ML TESTER', 18900, 33900, 2, 82),
(702, 'THAT MOMENT BY ONE DIRECTION 100 ML', 21900, 36900, 2, 82),
(703, 'OSCAR DE LA RENTA DAMA 100 ML', 25900, 40900, 2, 83),
(704, 'OSCAR DE LA RENTA DAMA 100 ML TESTER', 19900, 34900, 2, 83),
(705, 'OSCAR DE LA RENTA EXTRAORDINARY 100 ML ', 25900, 40900, 2, 83),
(706, 'OSCAR DE LA RENTA EXTRAORDINARY PETALE 100 ML ', 25900, 40900, 2, 83),
(707, 'VOLUPTE 100 ML ', 21900, 36900, 2, 83),
(708, 'VOLUPTE 100 ML ESTUCHE', 25900, 40900, 2, 83),
(709, 'LIVE IN LOVE 100 ML', 21900, 36900, 2, 83),
(710, 'ROSAMOR 100 ML', 16900, 31900, 2, 83),
(711, 'SO DE LA RENTA 100 ML', 18900, 33900, 2, 83),
(712, 'SO DE LA RENTA 100 ML ESTUCHE', 21900, 36900, 2, 83),
(713, 'OSCAR VARON  90 ML (AMARILLO)', 15900, 30900, 1, 83),
(714, 'OSCAR POUR LUI 90 ML', 16900, 31900, 1, 83),
(715, 'PUMA VARON 40 ML + RADIO ESTUCHE', 7900, 22900, 1, 84),
(716, 'MINOTAURO EDT 75 ML ', 31900, 46900, 1, 85),
(717, 'PALOMA PICASSO EDP 100 ML', 44900, 59900, 2, 85),
(718, 'ONE MILLION 100 ML  ', 41900, 56900, 1, 86),
(719, 'ONE MILLION 200 ML ', 51900, 66900, 1, 86),
(720, 'XS BLACK VARON 100 ML ', 35900, 50900, 1, 86),
(721, 'XS BLACK VARON 50 ML + 15 ML ESTUCHE', 28900, 43900, 1, 86),
(722, 'XS BLACK VARON 100 ML TESTER', 30900, 45900, 1, 86),
(723, 'XS BLACK POTION VARON 100 ML NEW', 34900, 49900, 1, 86),
(724, 'XS BLACK DAMA 80 ML', 35900, 50900, 2, 86),
(725, 'XS BLACK LEXCES DAMA 80 ML', 34900, 49900, 2, 86),
(726, 'XS BLACK APHRODISIAQUE  80 ML NEW', 38900, 53900, 2, 86),
(727, 'ULTRAVIOLET EDT VARON 100 ML ', 31900, 46900, 1, 86),
(728, 'ULTRAVIOLET EDP DAMA 30 ML ', 20900, 35900, 2, 86),
(729, 'ULTRAVIOLET EDP DAMA 80 ML TESTER', 28900, 43900, 2, 86),
(730, 'ULTRARED DAMA 50 ML ', 26900, 41900, 2, 86),
(731, 'LADY MILLION DAMA EDP 80 ML', 43900, 58900, 2, 86),
(732, 'LADY MILLION DAMA EDP 50 ML ESTUCHE', 34900, 49900, 2, 86),
(733, 'LADY MILLION EAU MY GOLD  80 ML NEW', 37900, 52900, 2, 86),
(734, 'LADY MILLION DAMA EDT 50 ML', 29900, 44900, 2, 86),
(735, 'INVICTUS VARON EDT 100 ML ', 45900, 60900, 1, 86),
(736, 'INVICTUS VARON EDT 50 ML ', 36900, 51900, 1, 86),
(737, 'INVICTUS AQUA VARON EDT 100 ML NEW', 51900, 66900, 1, 86),
(738, 'OLYMPEA DAMA EDP 80 ML ', 54900, 69900, 2, 86),
(739, 'OLYMPEA AQUA DAMA EDT 80 ML NEW', 55900, 70900, 2, 86),
(740, 'XS PACO RABANNE EDT 100 ML', 29900, 44900, 1, 86),
(741, 'XS PACO RABANNE EDT 100 ML TESTER', 25900, 40900, 1, 86),
(742, 'PACO RABANNE EDT 100 ML', 29900, 44900, 1, 86),
(743, 'CALANDRE DAMA EDT 100 ML ', 43900, 58900, 2, 86),
(744, 'PINO SILVESTRE VARON EDT 125 ML ', 9900, 24900, 1, 87),
(745, 'CAN CAN  100 ML', 17900, 32900, 2, 88),
(746, 'CAN CAN BURLESQUE 100 ML', 17900, 32900, 2, 88),
(747, 'CAN CAN BODY MIST 236 ML', 6900, 21900, 2, 88),
(748, 'PARIS HILTON DAMA 100 ML ', 16900, 31900, 2, 88),
(749, 'PARIS HILTON ANIVERSARIO DAMA 100 ML NEW', 17900, 32900, 2, 88),
(750, 'PARIS HILTON BODY MIST 236 ML', 6900, 21900, 2, 88),
(751, 'JUST ME DAMA 100 ML', 16900, 31900, 2, 88),
(752, 'DAZZLE EDP 125 ML ', 17900, 32900, 2, 88),
(753, 'FAIRY DUST EDP 100 ML', 14900, 29900, 2, 88),
(754, 'SIREN EDP 100 ML ', 14900, 29900, 2, 88),
(755, 'TEASE EDP100 ML', 14900, 29900, 2, 88),
(756, 'HEIRESS 100 ML ', 16900, 31900, 2, 88),
(757, 'HEIRESS 100 ML ESTUCHE', 20900, 35900, 2, 88),
(758, 'HEIRESS BODY MIST 236 ML ', 6900, 21900, 2, 88),
(759, 'RALPH 100 ML (CALIPSO)', 41900, 56900, 2, 89),
(760, 'RALPH LOVE EDT 100 ML NEW', 44900, 59900, 2, 89),
(761, 'RALPH FRESH 100 ML NEW', 44900, 59900, 2, 89),
(762, 'POLO 118 ML (VERDE)', 41900, 56900, 1, 89),
(763, 'RALPH BLUE DAMA 125 ML (DESCONTINUADO)', 56900, 71900, 2, 89),
(764, 'RALPH BLUE DAMA 40 ML (DESCONTINUADO)', 36900, 51900, 2, 89),
(765, 'POLO SPORT 125 ML ', 44900, 59900, 1, 89),
(766, 'POLO BLUE 125 ML ', 41900, 56900, 1, 89),
(767, 'POLO BLUE 200 ML ', 53900, 68900, 1, 89),
(768, 'POLO BLUE 75 ML + 30 ML ESTUCHE', 36900, 51900, 1, 89),
(769, 'POLO BLUE 125 ML + 125 ML AFTER SHAVE ESTUCHE', 49900, 64900, 1, 89),
(770, 'POLO RED INTENSE EDP 125 ML ', 61900, 76900, 1, 89),
(771, 'POLO RED INTENSE EDP 125 ML TESTER', 56900, 71900, 1, 89),
(772, 'POLO RED DESK TRAY EDITION 200 ML', 53900, 68900, 1, 89),
(773, 'POLO RED 125 ML ', 41900, 56900, 1, 89),
(774, 'POLO RED 75 ML + 30 ML ESTUCHE', 36900, 51900, 1, 89),
(775, 'POLO BLACK VARON 125 ML', 41900, 56900, 1, 89),
(776, 'BIG PONY N° 1 DAMA 100 ML (CELESTE)', 41900, 56900, 2, 89),
(777, 'BIG PONY N° 2 DAMA 100 ML (ROSADO)', 41900, 56900, 2, 89),
(778, 'BIG PONY N° 3 DAMA 100 ML (AMARILLO)', 41900, 56900, 2, 89),
(779, 'BIG PONY N° 3 DAMA 100 ML (AMARILLO) TESTER', 37900, 52900, 2, 89),
(780, 'BIG PONY N° 4 DAMA 100 ML (MORADO)', 41900, 56900, 2, 89),
(781, 'BIG PONY N° 4 DAMA 100 ML (MORADO) TESTER', 37900, 52900, 2, 89),
(782, 'BIG PONY N° 1 VARON 125 ML (AZUL)', 39900, 54900, 1, 89),
(783, 'BIG PONY N° 2 VARON 125 ML (ROJO)', 39900, 54900, 1, 89),
(784, 'BIG PONY N° 2 VARON 125 ML (ROJO) ESTUCHE', 42900, 57900, 1, 89),
(785, 'BIG PONY N° 3 VARON 125 ML (VERDE)', 39900, 54900, 1, 89),
(786, 'BIG PONY N° 4 VARON 125 ML (NARANJA)', 39900, 54900, 1, 89),
(787, 'ROMANCE MIDNIGHT DAMA 100 ML', 49900, 64900, 2, 89),
(788, 'ROMANCE DAMA 100 ML', 48900, 63900, 2, 89),
(789, 'SAFARI DAMA 75 ML', 59900, 74900, 2, 89),
(790, 'SAFARI VARON 125 ML ', 59900, 74900, 1, 89),
(791, 'CHARLIE BLUE 100 ML', 4900, 19900, 2, 90),
(792, 'CHARLIE GOLD 100 ML', 4900, 19900, 2, 90),
(793, 'CHARLIE RED 100 ML', 4900, 19900, 2, 90),
(794, 'REALM DAMA PHEROMONAS 100 ML ', 18900, 33900, 2, 91),
(795, 'RIHANNA RIRI EDP 100 ML ', 19900, 34900, 2, 92),
(796, 'RIHANNA ROUGE EDP 125 ML  ', 19900, 34900, 2, 92),
(797, 'RIHANNA NUDE EDP 100 ML', 19900, 34900, 2, 92),
(798, 'RIHANNA FLEUR EDP 100 ML ', 19900, 34900, 2, 92),
(799, 'RIHANNA REBELLE EDP 100 ML ESTUCHE', 23900, 38900, 2, 92),
(800, 'ROCHAS MAN 100 ML', 25900, 40900, 1, 93),
(801, 'ROCHAS FEMME 100 ML', 26900, 41900, 2, 93),
(802, 'PERFUMES SANDORA 100 ML NEW', 5900, 20900, 5, 94),
(803, 'COLONIAS SURTIDAS 240 ML NEW', 5900, 20900, 2, 94),
(804, 'ATTIMO POUR HOMME 60 ML ', 12900, 27900, 1, 95),
(805, 'TUSCAN SOUL EDT 75 ML', 16900, 31900, 1, 95),
(806, 'ATTIMO FLORALE 100 ML', 16900, 31900, 2, 95),
(807, 'ACQUA ESSENZIALE VARON EDT 100 ML TESTER', 19900, 34900, 1, 95),
(808, 'ACQUA ESSENZIALE BLU EDT VARON 100 ML TESTER', 19900, 34900, 1, 95),
(809, 'EMOZIONE DAMA EDP 92 ML TESTER', 21900, 36900, 2, 95),
(810, 'LAGUNA DAMA EDT 100 ML', 19900, 34900, 2, 96),
(811, 'EAU DE RUBYLIPS EDT 100 ML ', 19900, 34900, 2, 96),
(812, 'SEX IN THE CITY VARON 100 ML', 1500, 16500, 1, 97),
(813, 'SEX IN THE CITY DAMA 12 PIEZAS 100 ML ESTUCHE', 7900, 22900, 2, 97),
(814, 'SHAKIRA 80 ML', 16900, 31900, 2, 98),
(815, 'SHAKIRA 80 ML TESTER', 12900, 27900, 2, 98),
(816, 'SHAKIRA ELIXIR 80 ML', 16900, 31900, 2, 98),
(817, 'SHAKIRA ELIXIR 80 ML TESTER', 12900, 27900, 2, 98),
(818, 'SHAKIRA ROCK 80 ML', 16900, 31900, 2, 98),
(819, 'SHAKIRA ROCK 80 ML TESTER', 12900, 27900, 2, 98),
(820, 'SHAKIRA WILD ELIXIR 80 ML', 16900, 31900, 2, 98),
(821, 'SHAKIRA WILD ELIXIR 80 ML TESTER', 12900, 27900, 2, 98),
(822, 'SWISS ARMY DAMA 100 ML ', 21900, 36900, 2, 99),
(823, 'SWISS ARMY VARON 100 ML ', 21900, 36900, 1, 99),
(824, 'SWISS ARMY ALTITUDE 100 ML', 21900, 36900, 1, 99),
(825, 'SWISS ARMY UNLIMITED 75 ML (RECARGABLE)', 18900, 33900, 1, 99),
(826, 'ANGEL DAMA EDP 100 ML', 59900, 74900, 2, 100),
(827, 'ANGEL DAMA EDP 50 ML', 49900, 64900, 2, 100),
(828, 'ANGEL EAU SUCREE 50 ML', 38900, 53900, 2, 100),
(829, 'MUGLER SHOW EDT 50 ML', 38900, 53900, 2, 100),
(830, 'ALIEN EAU EXTRAORDINAIRE 60 ML NEW', 38900, 53900, 2, 100),
(831, 'AMEN MEN EDT 100 ML ', 39900, 54900, 1, 100),
(832, 'AMEN URBAN 100 ML', 39900, 54900, 1, 100),
(833, 'AMEN PURE ENERGY 100 ML', 39900, 54900, 1, 100),
(834, 'TOUS GOLD EDP 90 ML ', 25900, 40900, 2, 101),
(835, 'TOUS SILVER EDT 90 ML ', 25900, 40900, 2, 101),
(836, 'TOMMY GIRL 100 ML', 17900, 32900, 2, 102),
(837, 'TOMMY BRIGHTS CITRUS DAMA 100 ML NEW', 19900, 34900, 2, 102),
(838, 'TOMMY BRIGHTS NEON DAMA 100 ML TESTER', 16900, 31900, 1, 102),
(839, 'TOMMY VARON 100 ML', 17900, 32900, 1, 102),
(840, 'TOMMY VARON 200 ML ', 27900, 42900, 1, 102),
(841, 'TOMMY BRIGHTS CITRUS VARON 100 ML NEW', 19900, 34900, 1, 102),
(842, 'TOMMY BRIGHTS NEON VARON 100 ML TESTER', 16900, 31900, 1, 102),
(843, 'FREEDOM VARON 100 ML ', 31900, 46900, 1, 102),
(844, 'VALENTINO UOMO EDT 100 ML ', 41900, 56900, 1, 103),
(845, 'AQUA FLORALE EDT 80 ML', 43900, 58900, 2, 103),
(846, 'ASSOLUTO INTENSE EDP 80 ML NEW', 49900, 64900, 2, 103),
(847, 'COLONIAS VICTORIA SECRET 250 ML ', 6900, 21900, 2, 104),
(848, 'CREMAS VICTORIA SECRET 250 ML ', 7900, 22900, 2, 104),
(849, 'SPICEBOMB VARON 90 ML ', 72900, 87900, 1, 105),
(850, 'FIRST DAMA EDP 60 ML', 16900, 31900, 2, 106),
(851, 'REVE EDP 50 ML', 16900, 31900, 2, 106),
(852, 'ORIENS EDP 50 ML ESTUCHE', 16900, 31900, 2, 106),
(853, 'AVANT GARDEN EDT 50 ML ESTUCHE', 21900, 36900, 1, 106),
(854, 'FEERIE EDP 100 ML ', 31900, 46900, 2, 106),
(855, 'FEERIE EDP 100 ML TESTER', 26900, 41900, 2, 106),
(856, 'TSAR 100 ML ', 28900, 43900, 1, 106),
(857, 'VERSACE EAU FRAICHE VARON 100 ML', 34900, 49900, 1, 107),
(858, 'VERSACE MAN EDT 100 ML', 34900, 49900, 1, 107),
(859, 'DREAMER EDT 100 ML', 34900, 49900, 1, 107),
(860, 'VANITAS DE VERSACE EDP 100 ML ', 39900, 54900, 2, 107),
(861, 'VANITAS DE VERSACE EDP 50 ML ', 26900, 41900, 2, 107),
(862, 'BRIGHT CRYSTAL 90 ML ', 39900, 54900, 2, 107),
(863, 'VERSACE WOMAN EDP 100 ML ', 39900, 54900, 2, 107),
(864, 'VERSACE POUR FEMME EDP 100 ML ', 39900, 54900, 2, 107),
(865, 'VERSACE YELLOW DIAMOND 90 ML ', 39900, 54900, 2, 107),
(866, 'VERSACE YELLOW DIAMOND INTENSE 90 ML ', 39900, 54900, 2, 107),
(867, 'EROS VERSACE DAMA EDP 100 ML ', 59900, 74900, 2, 107),
(868, 'BLUE JEANS VARON EDT 75 ML ', 16900, 31900, 1, 107),
(869, 'RED JEANS DAMA EDT 75 ML', 16900, 31900, 2, 107),
(870, 'BELLE D\' OPIUM DAMA EDP 90 ML ', 48900, 63900, 2, 108),
(871, 'YSL L\' HOMME NUIT 100 ML ', 44900, 59900, 1, 108),
(872, 'YSL L\' HOMME NUIT FROZEN 100 ML ', 44900, 59900, 1, 108),
(873, 'YSL L\' HOMME EAU LIBRE 100 ML ', 44900, 59900, 1, 108),
(874, 'YSL HOMME SPORT 100 ML', 44900, 59900, 1, 108),
(875, 'RIVE GAUCHE DAMA EDT 100 ML ', 48900, 63900, 2, 108),
(876, 'CINEMA EDP 90 ML', 48900, 63900, 2, 108),
(877, 'PARIS EDT 125 ML ', 56900, 71900, 2, 108),
(878, 'PARIS EDT 75 ML ', 41900, 56900, 2, 108),
(879, 'PARISIENNE EDP 90 ML ', 56900, 71900, 2, 108),
(880, 'OPIUM EDT VARON 100 ML ', 44900, 59900, 1, 108),
(881, 'OPIUM EDT DAMA  90 ML', 48900, 63900, 2, 108),
(882, 'OPIUM BLACK EDP 90 ML', 56900, 71900, 2, 108),
(883, 'OPIUM BLACK NUIT BLANC EDP 90 ML NEW', 56900, 71900, 2, 108),
(884, 'JAZZ 80 ML', 32900, 47900, 1, 108),
(885, 'KOUROS 100 ML', 38900, 53900, 1, 108),
(886, 'KOUROS 100 ML TESTER', 32900, 47900, 1, 108),
(887, 'BODY KOUROS 100 ML', 31900, 46900, 1, 108);
INSERT INTO `productos` (`id`, `nombre`, `precio_compra`, `precio_venta`, `sexo_id`, `marca_id`) VALUES
(888, 'ZIPPO INTO THE BLUE VARON EDT 100 ML ', 21900, 36900, 1, 109),
(889, 'ZIPPO VARON EDT 50 ML TESTER', 15900, 30900, 1, 109);

-- --------------------------------------------------------

--
-- Estructura de tabla para la tabla `users`
--

CREATE TABLE `users` (
  `id` int(10) UNSIGNED NOT NULL,
  `name` varchar(255) COLLATE utf8mb4_unicode_ci NOT NULL,
  `email` varchar(255) COLLATE utf8mb4_unicode_ci NOT NULL,
  `password` varchar(255) COLLATE utf8mb4_unicode_ci NOT NULL,
  `remember_token` varchar(100) COLLATE utf8mb4_unicode_ci DEFAULT NULL,
  `created_at` timestamp NULL DEFAULT NULL,
  `updated_at` timestamp NULL DEFAULT NULL
) ENGINE=InnoDB DEFAULT CHARSET=utf8mb4 COLLATE=utf8mb4_unicode_ci;

--
-- Volcado de datos para la tabla `users`
--

INSERT INTO `users` (`id`, `name`, `email`, `password`, `remember_token`, `created_at`, `updated_at`) VALUES
(1, 'Pedro Astudillo', 'pedroastudillocaneleo@gmail.com', '$2y$10$h9fjkrmf/CQe98/XFxuqqOufYjuwkJnPN1AcFgmHooy7grVzZVsxu', 'uIcdVzgXB0hacIwPJsRnFQ0kxX3BfP7Wc7yO8qMiflTVs65j0WgQT7drrSpr', '2017-12-31 20:30:00', NULL),
(2, 'Álvaro  Astudillo', 'aastudim@everis.com', '$2y$10$AsOi272ubphlrQQNAsBeTuMigeir5bHky0KPxIBYeSJh5zpi7SxAi', 'FKB1KPCRCrojIroKYXFdu74P3GYmcxLBILq6r5XLW2DrkqWpgGFx2tXegGvF', '2018-01-01 00:10:46', '2018-01-01 00:10:46');

--
-- Índices para tablas volcadas
--

--
-- Indices de la tabla `clientes`
--
ALTER TABLE `clientes`
  ADD PRIMARY KEY (`id`);

--
-- Indices de la tabla `cliente_productos`
--
ALTER TABLE `cliente_productos`
  ADD PRIMARY KEY (`id`);

--
-- Indices de la tabla `constantes`
--
ALTER TABLE `constantes`
  ADD PRIMARY KEY (`id`);

--
-- Indices de la tabla `cuotas`
--
ALTER TABLE `cuotas`
  ADD PRIMARY KEY (`id`);

--
-- Indices de la tabla `cuota_fechas`
--
ALTER TABLE `cuota_fechas`
  ADD PRIMARY KEY (`id`);

--
-- Indices de la tabla `marcas`
--
ALTER TABLE `marcas`
  ADD PRIMARY KEY (`id`);

--
-- Indices de la tabla `migrations`
--
ALTER TABLE `migrations`
  ADD PRIMARY KEY (`id`);

--
-- Indices de la tabla `productos`
--
ALTER TABLE `productos`
  ADD PRIMARY KEY (`id`);

--
-- Indices de la tabla `users`
--
ALTER TABLE `users`
  ADD PRIMARY KEY (`id`);

--
-- AUTO_INCREMENT de las tablas volcadas
--

--
-- AUTO_INCREMENT de la tabla `clientes`
--
ALTER TABLE `clientes`
  MODIFY `id` int(11) NOT NULL AUTO_INCREMENT;

--
-- AUTO_INCREMENT de la tabla `cliente_productos`
--
ALTER TABLE `cliente_productos`
  MODIFY `id` int(11) NOT NULL AUTO_INCREMENT;

--
-- AUTO_INCREMENT de la tabla `constantes`
--
ALTER TABLE `constantes`
  MODIFY `id` int(11) NOT NULL AUTO_INCREMENT, AUTO_INCREMENT=6;

--
-- AUTO_INCREMENT de la tabla `cuotas`
--
ALTER TABLE `cuotas`
  MODIFY `id` int(11) NOT NULL AUTO_INCREMENT;

--
-- AUTO_INCREMENT de la tabla `cuota_fechas`
--
ALTER TABLE `cuota_fechas`
  MODIFY `id` int(11) NOT NULL AUTO_INCREMENT;

--
-- AUTO_INCREMENT de la tabla `marcas`
--
ALTER TABLE `marcas`
  MODIFY `id` int(11) NOT NULL AUTO_INCREMENT, AUTO_INCREMENT=110;

--
-- AUTO_INCREMENT de la tabla `migrations`
--
ALTER TABLE `migrations`
  MODIFY `id` int(10) UNSIGNED NOT NULL AUTO_INCREMENT;

--
-- AUTO_INCREMENT de la tabla `productos`
--
ALTER TABLE `productos`
  MODIFY `id` int(11) NOT NULL AUTO_INCREMENT, AUTO_INCREMENT=890;

--
-- AUTO_INCREMENT de la tabla `users`
--
ALTER TABLE `users`
  MODIFY `id` int(10) UNSIGNED NOT NULL AUTO_INCREMENT, AUTO_INCREMENT=3;
COMMIT;

/*!40101 SET CHARACTER_SET_CLIENT=@OLD_CHARACTER_SET_CLIENT */;
/*!40101 SET CHARACTER_SET_RESULTS=@OLD_CHARACTER_SET_RESULTS */;
/*!40101 SET COLLATION_CONNECTION=@OLD_COLLATION_CONNECTION */;
